<?xml version="1.0" encoding="utf-8" standalone="yes" ?>
<rss version="2.0" xmlns:atom="http://www.w3.org/2005/Atom">
  <channel>
    <title>Blog on Office Automation Consultants</title>
    <link>https://oacsoftware.com/blog/</link>
    <description>Recent content in Blog on Office Automation Consultants</description>
    <generator>Hugo -- gohugo.io</generator>
    <language>en-US</language>
    <lastBuildDate>Wed, 26 Dec 2018 00:00:00 +0000</lastBuildDate>
    
	<atom:link href="https://oacsoftware.com/blog/index.xml" rel="self" type="application/rss+xml" />
    
    
    <item>
      <title>Automated Case Tracking System</title>
      <link>https://oacsoftware.com/automated-case-tracking-system/</link>
      <pubDate>Wed, 26 Dec 2018 00:00:00 +0000</pubDate>
      
      <guid>https://oacsoftware.com/automated-case-tracking-system/</guid>
      <description>window.dataLayer = window.dataLayer || []; function gtag(){dataLayer.push(arguments);} gtag(&#39;js&#39;, new Date()); gtag(&#39;config&#39;, &#39;UA-135442428-1&#39;);  Automated Case Tracking System ACTS The Automated Case Tracking System
Office Automation Consultants Inc. developed its flagship product, the Automated Case Tracking System (ACTS), to serve as a flexible framework to manage all types of data in a variety of different environments. The ACTS can be customized to suite the needs of any public or private agencies.</description>
    </item>
    
  </channel>
</rss>