<?xml version="1.0" encoding="utf-8" standalone="yes" ?>
<rss version="2.0" xmlns:atom="http://www.w3.org/2005/Atom">
  <channel>
    <title>Tags on Office Automation Consultants</title>
    <link>https://oacsoftware.com/tags/</link>
    <description>Recent content in Tags on Office Automation Consultants</description>
    <generator>Hugo -- gohugo.io</generator>
    <language>en-US</language>
    <lastBuildDate>Wed, 26 Dec 2018 00:00:00 +0000</lastBuildDate>
    
	<atom:link href="https://oacsoftware.com/tags/index.xml" rel="self" type="application/rss+xml" />
    
    
    <item>
      <title>Acts</title>
      <link>https://oacsoftware.com/tags/acts/</link>
      <pubDate>Wed, 26 Dec 2018 00:00:00 +0000</pubDate>
      
      <guid>https://oacsoftware.com/tags/acts/</guid>
      <description></description>
    </item>
    
    <item>
      <title>Asbca</title>
      <link>https://oacsoftware.com/tags/asbca/</link>
      <pubDate>Fri, 02 Nov 2018 00:00:00 +0000</pubDate>
      
      <guid>https://oacsoftware.com/tags/asbca/</guid>
      <description></description>
    </item>
    
    <item>
      <title>Court</title>
      <link>https://oacsoftware.com/tags/court/</link>
      <pubDate>Fri, 02 Nov 2018 00:00:00 +0000</pubDate>
      
      <guid>https://oacsoftware.com/tags/court/</guid>
      <description></description>
    </item>
    
    <item>
      <title>Federal</title>
      <link>https://oacsoftware.com/tags/federal/</link>
      <pubDate>Fri, 02 Nov 2018 00:00:00 +0000</pubDate>
      
      <guid>https://oacsoftware.com/tags/federal/</guid>
      <description></description>
    </item>
    
    <item>
      <title>Oac</title>
      <link>https://oacsoftware.com/tags/oac/</link>
      <pubDate>Wed, 26 Dec 2018 00:00:00 +0000</pubDate>
      
      <guid>https://oacsoftware.com/tags/oac/</guid>
      <description></description>
    </item>
    
    <item>
      <title>Software</title>
      <link>https://oacsoftware.com/tags/software/</link>
      <pubDate>Wed, 26 Dec 2018 00:00:00 +0000</pubDate>
      
      <guid>https://oacsoftware.com/tags/software/</guid>
      <description></description>
    </item>
    
    <item>
      <title>Usps</title>
      <link>https://oacsoftware.com/tags/usps/</link>
      <pubDate>Mon, 01 Oct 2018 00:00:00 +0000</pubDate>
      
      <guid>https://oacsoftware.com/tags/usps/</guid>
      <description></description>
    </item>
    
  </channel>
</rss>