<?xml version="1.0" encoding="utf-8" standalone="yes" ?>
<rss version="2.0" xmlns:atom="http://www.w3.org/2005/Atom">
  <channel>
    <title>Oac on Office Automation Consultants</title>
    <link>https://oacsoftware.com/tags/oac/</link>
    <description>Recent content in Oac on Office Automation Consultants</description>
    <generator>Hugo -- gohugo.io</generator>
    <language>en-US</language>
    <lastBuildDate>Wed, 26 Dec 2018 00:00:00 +0000</lastBuildDate>
    
	<atom:link href="https://oacsoftware.com/tags/oac/index.xml" rel="self" type="application/rss+xml" />
    
    
    <item>
      <title>Automated Case Tracking System</title>
      <link>https://oacsoftware.com/automated-case-tracking-system/</link>
      <pubDate>Wed, 26 Dec 2018 00:00:00 +0000</pubDate>
      
      <guid>https://oacsoftware.com/automated-case-tracking-system/</guid>
      <description>window.dataLayer = window.dataLayer || []; function gtag(){dataLayer.push(arguments);} gtag(&#39;js&#39;, new Date()); gtag(&#39;config&#39;, &#39;UA-135442428-1&#39;);  Automated Case Tracking System ACTS The Automated Case Tracking System
Office Automation Consultants Inc. developed its flagship product, the Automated Case Tracking System (ACTS), to serve as a flexible framework to manage all types of data in a variety of different environments. The ACTS can be customized to suite the needs of any public or private agencies.</description>
    </item>
    
    <item>
      <title>Armed Services Board of Contract Appeals</title>
      <link>https://oacsoftware.com/projects/armed-services-board-of-contract-appeals/</link>
      <pubDate>Fri, 02 Nov 2018 00:00:00 +0000</pubDate>
      
      <guid>https://oacsoftware.com/projects/armed-services-board-of-contract-appeals/</guid>
      <description>window.dataLayer = window.dataLayer || []; function gtag(){dataLayer.push(arguments);} gtag(&#39;js&#39;, new Date()); gtag(&#39;config&#39;, &#39;UA-135442428-1&#39;);  Armed Services Board of Contract Appeals Project Overview: Office Automation Consultants, Inc. Automates The Armed Services Board of Contracts Appeals (&amp;ldquo;ASBCA&amp;rdquo;) Case Tracking Software</description>
    </item>
    
    <item>
      <title>United States Postal Service</title>
      <link>https://oacsoftware.com/projects/usps/</link>
      <pubDate>Mon, 01 Oct 2018 00:00:00 +0000</pubDate>
      
      <guid>https://oacsoftware.com/projects/usps/</guid>
      <description>  window.dataLayer = window.dataLayer || []; function gtag(){dataLayer.push(arguments);} gtag(&#39;js&#39;, new Date()); gtag(&#39;config&#39;, &#39;UA-135442428-1&#39;);  Postal Service Board of Contract Appeals Decisions
 Project Overview: Office Automation Consultants, Inc. Automates Postal Service Board of Contract Appeals Decisions (&amp;ldquo;USPSBCA&amp;rdquo;) Case Tracking Software
 Functions Include:
 Report Generation Document Generation Case Tracking  </description>
    </item>
    
  </channel>
</rss>