<?xml version="1.0" encoding="utf-8" standalone="yes" ?>
<rss version="2.0" xmlns:atom="http://www.w3.org/2005/Atom">
  <channel>
    <title>Categories on Office Automation Consultants</title>
    <link>https://oacsoftware.com/categories/</link>
    <description>Recent content in Categories on Office Automation Consultants</description>
    <generator>Hugo -- gohugo.io</generator>
    <language>en-US</language>
    
	<atom:link href="https://oacsoftware.com/categories/index.xml" rel="self" type="application/rss+xml" />
    
    
  </channel>
</rss>